vul_id,cve_id,class,mut_id,did_mutant_compile,did_tests_fail,imitates_vuln,ochiai,failed_tests_intersection,failed_tests,failures,failed_tests_vuln,failures_vuln,vuln_coupling_result
"""VUL4J-9""","""CVE-2020-1953""","""YAMLConfiguration.java""",0,False,False,False,0,"""""",,,"""org.apache.commons.configuration2.TestYAMLConfiguration#testObjectCreationFromReader,org.apache.commons.configuration2.TestYAMLConfiguration#testObjectCreationFromStream""","""java.lang.AssertionError,java.lang.AssertionError""","""CE"""
"""VUL4J-9""","""CVE-2020-1953""","""YAMLConfiguration.java""",1,False,False,False,0,"""""",,,"""org.apache.commons.configuration2.TestYAMLConfiguration#testObjectCreationFromReader,org.apache.commons.configuration2.TestYAMLConfiguration#testObjectCreationFromStream""","""java.lang.AssertionError,java.lang.AssertionError""","""CE"""
"""VUL4J-9""","""CVE-2020-1953""","""YAMLConfiguration.java""",10,False,False,False,0,"""""",,,"""org.apache.commons.configuration2.TestYAMLConfiguration#testObjectCreationFromReader,org.apache.commons.configuration2.TestYAMLConfiguration#testObjectCreationFromStream""","""java.lang.AssertionError,java.lang.AssertionError""","""CE"""
"""VUL4J-9""","""CVE-2020-1953""","""YAMLConfiguration.java""",100,False,False,False,0,"""""",,,"""org.apache.commons.configuration2.TestYAMLConfiguration#testObjectCreationFromReader,org.apache.commons.configuration2.TestYAMLConfiguration#testObjectCreationFromStream""","""java.lang.AssertionError,java.lang.AssertionError""","""CE"""
"""VUL4J-9""","""CVE-2020-1953""","""YAMLConfiguration.java""",101,False,False,False,0,"""""",,,"""org.apache.commons.configuration2.TestYAMLConfiguration#testObjectCreationFromReader,org.apache.commons.configuration2.TestYAMLConfiguration#testObjectCreationFromStream""","""java.lang.AssertionError,java.lang.AssertionError""","""CE"""
"""VUL4J-9""","""CVE-2020-1953""","""YAMLConfiguration.java""",102,False,False,False,0,"""""",,,"""org.apache.commons.configuration2.TestYAMLConfiguration#testObjectCreationFromReader,org.apache.commons.configuration2.TestYAMLConfiguration#testObjectCreationFromStream""","""java.lang.AssertionError,java.lang.AssertionError""","""CE"""
"""VUL4J-9""","""CVE-2020-1953""","""YAMLConfiguration.java""",103,False,False,False,0,"""""",,,"""org.apache.commons.configuration2.TestYAMLConfiguration#testObjectCreationFromReader,org.apache.commons.configuration2.TestYAMLConfiguration#testObjectCreationFromStream""","""java.lang.AssertionError,java.lang.AssertionError""","""CE"""
"""VUL4J-9""","""CVE-2020-1953""","""YAMLConfiguration.java""",104,False,False,False,0,"""""",,,"""org.apache.commons.configuration2.TestYAMLConfiguration#testObjectCreationFromReader,org.apache.commons.configuration2.TestYAMLConfiguration#testObjectCreationFromStream""","""java.lang.AssertionError,java.lang.AssertionError""","""CE"""
"""VUL4J-9""","""CVE-2020-1953""","""YAMLConfiguration.java""",105,False,False,False,0,"""""",,,"""org.apache.commons.configuration2.TestYAMLConfiguration#testObjectCreationFromReader,org.apache.commons.configuration2.TestYAMLConfiguration#testObjectCreationFromStream""","""java.lang.AssertionError,java.lang.AssertionError""","""CE"""
"""VUL4J-9""","""CVE-2020-1953""","""YAMLConfiguration.java""",106,False,False,False,0,"""""",,,"""org.apache.commons.configuration2.TestYAMLConfiguration#testObjectCreationFromReader,org.apache.commons.configuration2.TestYAMLConfiguration#testObjectCreationFromStream""","""java.lang.AssertionError,java.lang.AssertionError""","""CE"""
"""VUL4J-9""","""CVE-2020-1953""","""YAMLConfiguration.java""",107,False,False,False,0,"""""",,,"""org.apache.commons.configuration2.TestYAMLConfiguration#testObjectCreationFromReader,org.apache.commons.configuration2.TestYAMLConfiguration#testObjectCreationFromStream""","""java.lang.AssertionError,java.lang.AssertionError""","""CE"""
"""VUL4J-9""","""CVE-2020-1953""","""YAMLConfiguration.java""",108,False,False,False,0,"""""",,,"""org.apache.commons.configuration2.TestYAMLConfiguration#testObjectCreationFromReader,org.apache.commons.configuration2.TestYAMLConfiguration#testObjectCreationFromStream""","""java.lang.AssertionError,java.lang.AssertionError""","""CE"""
"""VUL4J-9""","""CVE-2020-1953""","""YAMLConfiguration.java""",109,False,False,False,0,"""""",,,"""org.apache.commons.configuration2.TestYAMLConfiguration#testObjectCreationFromReader,org.apache.commons.configuration2.TestYAMLConfiguration#testObjectCreationFromStream""","""java.lang.AssertionError,java.lang.AssertionError""","""CE"""
"""VUL4J-9""","""CVE-2020-1953""","""YAMLConfiguration.java""",11,False,False,False,0,"""""",,,"""org.apache.commons.configuration2.TestYAMLConfiguration#testObjectCreationFromReader,org.apache.commons.configuration2.TestYAMLConfiguration#testObjectCreationFromStream""","""java.lang.AssertionError,java.lang.AssertionError""","""CE"""
"""VUL4J-9""","""CVE-2020-1953""","""YAMLConfiguration.java""",110,False,False,False,0,"""""",,,"""org.apache.commons.configuration2.TestYAMLConfiguration#testObjectCreationFromReader,org.apache.commons.configuration2.TestYAMLConfiguration#testObjectCreationFromStream""","""java.lang.AssertionError,java.lang.AssertionError""","""CE"""
"""VUL4J-9""","""CVE-2020-1953""","""YAMLConfiguration.java""",111,False,False,False,0,"""""",,,"""org.apache.commons.configuration2.TestYAMLConfiguration#testObjectCreationFromReader,org.apache.commons.configuration2.TestYAMLConfiguration#testObjectCreationFromStream""","""java.lang.AssertionError,java.lang.AssertionError""","""CE"""
"""VUL4J-9""","""CVE-2020-1953""","""YAMLConfiguration.java""",112,False,False,False,0,"""""",,,"""org.apache.commons.configuration2.TestYAMLConfiguration#testObjectCreationFromReader,org.apache.commons.configuration2.TestYAMLConfiguration#testObjectCreationFromStream""","""java.lang.AssertionError,java.lang.AssertionError""","""CE"""
"""VUL4J-9""","""CVE-2020-1953""","""YAMLConfiguration.java""",113,False,False,False,0,"""""",,,"""org.apache.commons.configuration2.TestYAMLConfiguration#testObjectCreationFromReader,org.apache.commons.configuration2.TestYAMLConfiguration#testObjectCreationFromStream""","""java.lang.AssertionError,java.lang.AssertionError""","""CE"""
"""VUL4J-9""","""CVE-2020-1953""","""YAMLConfiguration.java""",114,False,False,False,0,"""""",,,"""org.apache.commons.configuration2.TestYAMLConfiguration#testObjectCreationFromReader,org.apache.commons.configuration2.TestYAMLConfiguration#testObjectCreationFromStream""","""java.lang.AssertionError,java.lang.AssertionError""","""CE"""
"""VUL4J-9""","""CVE-2020-1953""","""YAMLConfiguration.java""",115,False,False,False,0,"""""",,,"""org.apache.commons.configuration2.TestYAMLConfiguration#testObjectCreationFromReader,org.apache.commons.configuration2.TestYAMLConfiguration#testObjectCreationFromStream""","""java.lang.AssertionError,java.lang.AssertionError""","""CE"""
"""VUL4J-9""","""CVE-2020-1953""","""YAMLConfiguration.java""",116,False,False,False,0,"""""",,,"""org.apache.commons.configuration2.TestYAMLConfiguration#testObjectCreationFromReader,org.apache.commons.configuration2.TestYAMLConfiguration#testObjectCreationFromStream""","""java.lang.AssertionError,java.lang.AssertionError""","""CE"""
"""VUL4J-9""","""CVE-2020-1953""","""YAMLConfiguration.java""",117,False,False,False,0,"""""",,,"""org.apache.commons.configuration2.TestYAMLConfiguration#testObjectCreationFromReader,org.apache.commons.configuration2.TestYAMLConfiguration#testObjectCreationFromStream""","""java.lang.AssertionError,java.lang.AssertionError""","""CE"""
"""VUL4J-9""","""CVE-2020-1953""","""YAMLConfiguration.java""",118,False,False,False,0,"""""",,,"""org.apache.commons.configuration2.TestYAMLConfiguration#testObjectCreationFromReader,org.apache.commons.configuration2.TestYAMLConfiguration#testObjectCreationFromStream""","""java.lang.AssertionError,java.lang.AssertionError""","""CE"""
"""VUL4J-9""","""CVE-2020-1953""","""YAMLConfiguration.java""",119,False,False,False,0,"""""",,,"""org.apache.commons.configuration2.TestYAMLConfiguration#testObjectCreationFromReader,org.apache.commons.configuration2.TestYAMLConfiguration#testObjectCreationFromStream""","""java.lang.AssertionError,java.lang.AssertionError""","""CE"""
"""VUL4J-9""","""CVE-2020-1953""","""YAMLConfiguration.java""",12,False,False,False,0,"""""",,,"""org.apache.commons.configuration2.TestYAMLConfiguration#testObjectCreationFromReader,org.apache.commons.configuration2.TestYAMLConfiguration#testObjectCreationFromStream""","""java.lang.AssertionError,java.lang.AssertionError""","""CE"""
"""VUL4J-9""","""CVE-2020-1953""","""YAMLConfiguration.java""",120,False,False,False,0,"""""",,,"""org.apache.commons.configuration2.TestYAMLConfiguration#testObjectCreationFromReader,org.apache.commons.configuration2.TestYAMLConfiguration#testObjectCreationFromStream""","""java.lang.AssertionError,java.lang.AssertionError""","""CE"""
"""VUL4J-9""","""CVE-2020-1953""","""YAMLConfiguration.java""",121,False,False,False,0,"""""",,,"""org.apache.commons.configuration2.TestYAMLConfiguration#testObjectCreationFromReader,org.apache.commons.configuration2.TestYAMLConfiguration#testObjectCreationFromStream""","""java.lang.AssertionError,java.lang.AssertionError""","""CE"""
"""VUL4J-9""","""CVE-2020-1953""","""YAMLConfiguration.java""",122,False,False,False,0,"""""",,,"""org.apache.commons.configuration2.TestYAMLConfiguration#testObjectCreationFromReader,org.apache.commons.configuration2.TestYAMLConfiguration#testObjectCreationFromStream""","""java.lang.AssertionError,java.lang.AssertionError""","""CE"""
"""VUL4J-9""","""CVE-2020-1953""","""YAMLConfiguration.java""",123,True,True,False,0,"""""","""org.apache.commons.configuration2.TestYAMLConfiguration#testSave""","""java.lang.NullPointerException""","""org.apache.commons.configuration2.TestYAMLConfiguration#testObjectCreationFromReader,org.apache.commons.configuration2.TestYAMLConfiguration#testObjectCreationFromStream""","""java.lang.AssertionError,java.lang.AssertionError""","""NS"""
"""VUL4J-9""","""CVE-2020-1953""","""YAMLConfiguration.java""",124,False,False,False,0,"""""",,,"""org.apache.commons.configuration2.TestYAMLConfiguration#testObjectCreationFromReader,org.apache.commons.configuration2.TestYAMLConfiguration#testObjectCreationFromStream""","""java.lang.AssertionError,java.lang.AssertionError""","""CE"""
"""VUL4J-9""","""CVE-2020-1953""","""YAMLConfiguration.java""",125,False,False,False,0,"""""",,,"""org.apache.commons.configuration2.TestYAMLConfiguration#testObjectCreationFromReader,org.apache.commons.configuration2.TestYAMLConfiguration#testObjectCreationFromStream""","""java.lang.AssertionError,java.lang.AssertionError""","""CE"""
"""VUL4J-9""","""CVE-2020-1953""","""YAMLConfiguration.java""",126,False,False,False,0,"""""",,,"""org.apache.commons.configuration2.TestYAMLConfiguration#testObjectCreationFromReader,org.apache.commons.configuration2.TestYAMLConfiguration#testObjectCreationFromStream""","""java.lang.AssertionError,java.lang.AssertionError""","""CE"""
"""VUL4J-9""","""CVE-2020-1953""","""YAMLConfiguration.java""",127,False,False,False,0,"""""",,,"""org.apache.commons.configuration2.TestYAMLConfiguration#testObjectCreationFromReader,org.apache.commons.configuration2.TestYAMLConfiguration#testObjectCreationFromStream""","""java.lang.AssertionError,java.lang.AssertionError""","""CE"""
"""VUL4J-9""","""CVE-2020-1953""","""YAMLConfiguration.java""",128,False,False,False,0,"""""",,,"""org.apache.commons.configuration2.TestYAMLConfiguration#testObjectCreationFromReader,org.apache.commons.configuration2.TestYAMLConfiguration#testObjectCreationFromStream""","""java.lang.AssertionError,java.lang.AssertionError""","""CE"""
"""VUL4J-9""","""CVE-2020-1953""","""YAMLConfiguration.java""",129,False,False,False,0,"""""",,,"""org.apache.commons.configuration2.TestYAMLConfiguration#testObjectCreationFromReader,org.apache.commons.configuration2.TestYAMLConfiguration#testObjectCreationFromStream""","""java.lang.AssertionError,java.lang.AssertionError""","""CE"""
"""VUL4J-9""","""CVE-2020-1953""","""YAMLConfiguration.java""",13,False,False,False,0,"""""",,,"""org.apache.commons.configuration2.TestYAMLConfiguration#testObjectCreationFromReader,org.apache.commons.configuration2.TestYAMLConfiguration#testObjectCreationFromStream""","""java.lang.AssertionError,java.lang.AssertionError""","""CE"""
"""VUL4J-9""","""CVE-2020-1953""","""YAMLConfiguration.java""",130,False,False,False,0,"""""",,,"""org.apache.commons.configuration2.TestYAMLConfiguration#testObjectCreationFromReader,org.apache.commons.configuration2.TestYAMLConfiguration#testObjectCreationFromStream""","""java.lang.AssertionError,java.lang.AssertionError""","""CE"""
"""VUL4J-9""","""CVE-2020-1953""","""YAMLConfiguration.java""",131,False,False,False,0,"""""",,,"""org.apache.commons.configuration2.TestYAMLConfiguration#testObjectCreationFromReader,org.apache.commons.configuration2.TestYAMLConfiguration#testObjectCreationFromStream""","""java.lang.AssertionError,java.lang.AssertionError""","""CE"""
"""VUL4J-9""","""CVE-2020-1953""","""YAMLConfiguration.java""",132,False,False,False,0,"""""",,,"""org.apache.commons.configuration2.TestYAMLConfiguration#testObjectCreationFromReader,org.apache.commons.configuration2.TestYAMLConfiguration#testObjectCreationFromStream""","""java.lang.AssertionError,java.lang.AssertionError""","""CE"""
"""VUL4J-9""","""CVE-2020-1953""","""YAMLConfiguration.java""",133,False,False,False,0,"""""",,,"""org.apache.commons.configuration2.TestYAMLConfiguration#testObjectCreationFromReader,org.apache.commons.configuration2.TestYAMLConfiguration#testObjectCreationFromStream""","""java.lang.AssertionError,java.lang.AssertionError""","""CE"""
"""VUL4J-9""","""CVE-2020-1953""","""YAMLConfiguration.java""",134,False,False,False,0,"""""",,,"""org.apache.commons.configuration2.TestYAMLConfiguration#testObjectCreationFromReader,org.apache.commons.configuration2.TestYAMLConfiguration#testObjectCreationFromStream""","""java.lang.AssertionError,java.lang.AssertionError""","""CE"""
"""VUL4J-9""","""CVE-2020-1953""","""YAMLConfiguration.java""",135,False,False,False,0,"""""",,,"""org.apache.commons.configuration2.TestYAMLConfiguration#testObjectCreationFromReader,org.apache.commons.configuration2.TestYAMLConfiguration#testObjectCreationFromStream""","""java.lang.AssertionError,java.lang.AssertionError""","""CE"""
"""VUL4J-9""","""CVE-2020-1953""","""YAMLConfiguration.java""",136,False,False,False,0,"""""",,,"""org.apache.commons.configuration2.TestYAMLConfiguration#testObjectCreationFromReader,org.apache.commons.configuration2.TestYAMLConfiguration#testObjectCreationFromStream""","""java.lang.AssertionError,java.lang.AssertionError""","""CE"""
"""VUL4J-9""","""CVE-2020-1953""","""YAMLConfiguration.java""",137,False,False,False,0,"""""",,,"""org.apache.commons.configuration2.TestYAMLConfiguration#testObjectCreationFromReader,org.apache.commons.configuration2.TestYAMLConfiguration#testObjectCreationFromStream""","""java.lang.AssertionError,java.lang.AssertionError""","""CE"""
"""VUL4J-9""","""CVE-2020-1953""","""YAMLConfiguration.java""",138,False,False,False,0,"""""",,,"""org.apache.commons.configuration2.TestYAMLConfiguration#testObjectCreationFromReader,org.apache.commons.configuration2.TestYAMLConfiguration#testObjectCreationFromStream""","""java.lang.AssertionError,java.lang.AssertionError""","""CE"""
"""VUL4J-9""","""CVE-2020-1953""","""YAMLConfiguration.java""",139,False,False,False,0,"""""",,,"""org.apache.commons.configuration2.TestYAMLConfiguration#testObjectCreationFromReader,org.apache.commons.configuration2.TestYAMLConfiguration#testObjectCreationFromStream""","""java.lang.AssertionError,java.lang.AssertionError""","""CE"""
"""VUL4J-9""","""CVE-2020-1953""","""YAMLConfiguration.java""",14,False,False,False,0,"""""",,,"""org.apache.commons.configuration2.TestYAMLConfiguration#testObjectCreationFromReader,org.apache.commons.configuration2.TestYAMLConfiguration#testObjectCreationFromStream""","""java.lang.AssertionError,java.lang.AssertionError""","""CE"""
"""VUL4J-9""","""CVE-2020-1953""","""YAMLConfiguration.java""",140,False,False,False,0,"""""",,,"""org.apache.commons.configuration2.TestYAMLConfiguration#testObjectCreationFromReader,org.apache.commons.configuration2.TestYAMLConfiguration#testObjectCreationFromStream""","""java.lang.AssertionError,java.lang.AssertionError""","""CE"""
"""VUL4J-9""","""CVE-2020-1953""","""YAMLConfiguration.java""",141,False,False,False,0,"""""",,,"""org.apache.commons.configuration2.TestYAMLConfiguration#testObjectCreationFromReader,org.apache.commons.configuration2.TestYAMLConfiguration#testObjectCreationFromStream""","""java.lang.AssertionError,java.lang.AssertionError""","""CE"""
"""VUL4J-9""","""CVE-2020-1953""","""YAMLConfiguration.java""",142,False,False,False,0,"""""",,,"""org.apache.commons.configuration2.TestYAMLConfiguration#testObjectCreationFromReader,org.apache.commons.configuration2.TestYAMLConfiguration#testObjectCreationFromStream""","""java.lang.AssertionError,java.lang.AssertionError""","""CE"""
"""VUL4J-9""","""CVE-2020-1953""","""YAMLConfiguration.java""",143,False,False,False,0,"""""",,,"""org.apache.commons.configuration2.TestYAMLConfiguration#testObjectCreationFromReader,org.apache.commons.configuration2.TestYAMLConfiguration#testObjectCreationFromStream""","""java.lang.AssertionError,java.lang.AssertionError""","""CE"""
"""VUL4J-9""","""CVE-2020-1953""","""YAMLConfiguration.java""",144,False,False,False,0,"""""",,,"""org.apache.commons.configuration2.TestYAMLConfiguration#testObjectCreationFromReader,org.apache.commons.configuration2.TestYAMLConfiguration#testObjectCreationFromStream""","""java.lang.AssertionError,java.lang.AssertionError""","""CE"""
"""VUL4J-9""","""CVE-2020-1953""","""YAMLConfiguration.java""",145,False,False,False,0,"""""",,,"""org.apache.commons.configuration2.TestYAMLConfiguration#testObjectCreationFromReader,org.apache.commons.configuration2.TestYAMLConfiguration#testObjectCreationFromStream""","""java.lang.AssertionError,java.lang.AssertionError""","""CE"""
"""VUL4J-9""","""CVE-2020-1953""","""YAMLConfiguration.java""",146,False,False,False,0,"""""",,,"""org.apache.commons.configuration2.TestYAMLConfiguration#testObjectCreationFromReader,org.apache.commons.configuration2.TestYAMLConfiguration#testObjectCreationFromStream""","""java.lang.AssertionError,java.lang.AssertionError""","""CE"""
"""VUL4J-9""","""CVE-2020-1953""","""YAMLConfiguration.java""",147,False,False,False,0,"""""",,,"""org.apache.commons.configuration2.TestYAMLConfiguration#testObjectCreationFromReader,org.apache.commons.configuration2.TestYAMLConfiguration#testObjectCreationFromStream""","""java.lang.AssertionError,java.lang.AssertionError""","""CE"""
"""VUL4J-9""","""CVE-2020-1953""","""YAMLConfiguration.java""",148,False,False,False,0,"""""",,,"""org.apache.commons.configuration2.TestYAMLConfiguration#testObjectCreationFromReader,org.apache.commons.configuration2.TestYAMLConfiguration#testObjectCreationFromStream""","""java.lang.AssertionError,java.lang.AssertionError""","""CE"""
"""VUL4J-9""","""CVE-2020-1953""","""YAMLConfiguration.java""",149,False,False,False,0,"""""",,,"""org.apache.commons.configuration2.TestYAMLConfiguration#testObjectCreationFromReader,org.apache.commons.configuration2.TestYAMLConfiguration#testObjectCreationFromStream""","""java.lang.AssertionError,java.lang.AssertionError""","""CE"""
"""VUL4J-9""","""CVE-2020-1953""","""YAMLConfiguration.java""",15,False,False,False,0,"""""",,,"""org.apache.commons.configuration2.TestYAMLConfiguration#testObjectCreationFromReader,org.apache.commons.configuration2.TestYAMLConfiguration#testObjectCreationFromStream""","""java.lang.AssertionError,java.lang.AssertionError""","""CE"""
"""VUL4J-9""","""CVE-2020-1953""","""YAMLConfiguration.java""",150,False,False,False,0,"""""",,,"""org.apache.commons.configuration2.TestYAMLConfiguration#testObjectCreationFromReader,org.apache.commons.configuration2.TestYAMLConfiguration#testObjectCreationFromStream""","""java.lang.AssertionError,java.lang.AssertionError""","""CE"""
"""VUL4J-9""","""CVE-2020-1953""","""YAMLConfiguration.java""",151,False,False,False,0,"""""",,,"""org.apache.commons.configuration2.TestYAMLConfiguration#testObjectCreationFromReader,org.apache.commons.configuration2.TestYAMLConfiguration#testObjectCreationFromStream""","""java.lang.AssertionError,java.lang.AssertionError""","""CE"""
"""VUL4J-9""","""CVE-2020-1953""","""YAMLConfiguration.java""",152,True,True,False,0.7071,"""org.apache.commons.configuration2.TestYAMLConfiguration#testObjectCreationFromStream""","""org.apache.commons.configuration2.TestYAMLConfiguration#testObjectCreationFromStream""","""org.yaml.snakeyaml.constructor.ConstructorException""","""org.apache.commons.configuration2.TestYAMLConfiguration#testObjectCreationFromReader,org.apache.commons.configuration2.TestYAMLConfiguration#testObjectCreationFromStream""","""java.lang.AssertionError,java.lang.AssertionError""","""PTS"""
"""VUL4J-9""","""CVE-2020-1953""","""YAMLConfiguration.java""",153,False,False,False,0,"""""",,,"""org.apache.commons.configuration2.TestYAMLConfiguration#testObjectCreationFromReader,org.apache.commons.configuration2.TestYAMLConfiguration#testObjectCreationFromStream""","""java.lang.AssertionError,java.lang.AssertionError""","""CE"""
"""VUL4J-9""","""CVE-2020-1953""","""YAMLConfiguration.java""",154,False,False,False,0,"""""",,,"""org.apache.commons.configuration2.TestYAMLConfiguration#testObjectCreationFromReader,org.apache.commons.configuration2.TestYAMLConfiguration#testObjectCreationFromStream""","""java.lang.AssertionError,java.lang.AssertionError""","""CE"""
"""VUL4J-9""","""CVE-2020-1953""","""YAMLConfiguration.java""",155,False,False,False,0,"""""",,,"""org.apache.commons.configuration2.TestYAMLConfiguration#testObjectCreationFromReader,org.apache.commons.configuration2.TestYAMLConfiguration#testObjectCreationFromStream""","""java.lang.AssertionError,java.lang.AssertionError""","""CE"""
"""VUL4J-9""","""CVE-2020-1953""","""YAMLConfiguration.java""",156,False,False,False,0,"""""",,,"""org.apache.commons.configuration2.TestYAMLConfiguration#testObjectCreationFromReader,org.apache.commons.configuration2.TestYAMLConfiguration#testObjectCreationFromStream""","""java.lang.AssertionError,java.lang.AssertionError""","""CE"""
"""VUL4J-9""","""CVE-2020-1953""","""YAMLConfiguration.java""",157,False,False,False,0,"""""",,,"""org.apache.commons.configuration2.TestYAMLConfiguration#testObjectCreationFromReader,org.apache.commons.configuration2.TestYAMLConfiguration#testObjectCreationFromStream""","""java.lang.AssertionError,java.lang.AssertionError""","""CE"""
"""VUL4J-9""","""CVE-2020-1953""","""YAMLConfiguration.java""",158,False,False,False,0,"""""",,,"""org.apache.commons.configuration2.TestYAMLConfiguration#testObjectCreationFromReader,org.apache.commons.configuration2.TestYAMLConfiguration#testObjectCreationFromStream""","""java.lang.AssertionError,java.lang.AssertionError""","""CE"""
"""VUL4J-9""","""CVE-2020-1953""","""YAMLConfiguration.java""",159,False,False,False,0,"""""",,,"""org.apache.commons.configuration2.TestYAMLConfiguration#testObjectCreationFromReader,org.apache.commons.configuration2.TestYAMLConfiguration#testObjectCreationFromStream""","""java.lang.AssertionError,java.lang.AssertionError""","""CE"""
"""VUL4J-9""","""CVE-2020-1953""","""YAMLConfiguration.java""",16,False,False,False,0,"""""",,,"""org.apache.commons.configuration2.TestYAMLConfiguration#testObjectCreationFromReader,org.apache.commons.configuration2.TestYAMLConfiguration#testObjectCreationFromStream""","""java.lang.AssertionError,java.lang.AssertionError""","""CE"""
"""VUL4J-9""","""CVE-2020-1953""","""YAMLConfiguration.java""",160,False,False,False,0,"""""",,,"""org.apache.commons.configuration2.TestYAMLConfiguration#testObjectCreationFromReader,org.apache.commons.configuration2.TestYAMLConfiguration#testObjectCreationFromStream""","""java.lang.AssertionError,java.lang.AssertionError""","""CE"""
"""VUL4J-9""","""CVE-2020-1953""","""YAMLConfiguration.java""",161,False,False,False,0,"""""",,,"""org.apache.commons.configuration2.TestYAMLConfiguration#testObjectCreationFromReader,org.apache.commons.configuration2.TestYAMLConfiguration#testObjectCreationFromStream""","""java.lang.AssertionError,java.lang.AssertionError""","""CE"""
"""VUL4J-9""","""CVE-2020-1953""","""YAMLConfiguration.java""",162,False,False,False,0,"""""",,,"""org.apache.commons.configuration2.TestYAMLConfiguration#testObjectCreationFromReader,org.apache.commons.configuration2.TestYAMLConfiguration#testObjectCreationFromStream""","""java.lang.AssertionError,java.lang.AssertionError""","""CE"""
"""VUL4J-9""","""CVE-2020-1953""","""YAMLConfiguration.java""",163,False,False,False,0,"""""",,,"""org.apache.commons.configuration2.TestYAMLConfiguration#testObjectCreationFromReader,org.apache.commons.configuration2.TestYAMLConfiguration#testObjectCreationFromStream""","""java.lang.AssertionError,java.lang.AssertionError""","""CE"""
"""VUL4J-9""","""CVE-2020-1953""","""YAMLConfiguration.java""",164,False,False,False,0,"""""",,,"""org.apache.commons.configuration2.TestYAMLConfiguration#testObjectCreationFromReader,org.apache.commons.configuration2.TestYAMLConfiguration#testObjectCreationFromStream""","""java.lang.AssertionError,java.lang.AssertionError""","""CE"""
"""VUL4J-9""","""CVE-2020-1953""","""YAMLConfiguration.java""",165,False,False,False,0,"""""",,,"""org.apache.commons.configuration2.TestYAMLConfiguration#testObjectCreationFromReader,org.apache.commons.configuration2.TestYAMLConfiguration#testObjectCreationFromStream""","""java.lang.AssertionError,java.lang.AssertionError""","""CE"""
"""VUL4J-9""","""CVE-2020-1953""","""YAMLConfiguration.java""",166,False,False,False,0,"""""",,,"""org.apache.commons.configuration2.TestYAMLConfiguration#testObjectCreationFromReader,org.apache.commons.configuration2.TestYAMLConfiguration#testObjectCreationFromStream""","""java.lang.AssertionError,java.lang.AssertionError""","""CE"""
"""VUL4J-9""","""CVE-2020-1953""","""YAMLConfiguration.java""",167,False,False,False,0,"""""",,,"""org.apache.commons.configuration2.TestYAMLConfiguration#testObjectCreationFromReader,org.apache.commons.configuration2.TestYAMLConfiguration#testObjectCreationFromStream""","""java.lang.AssertionError,java.lang.AssertionError""","""CE"""
"""VUL4J-9""","""CVE-2020-1953""","""YAMLConfiguration.java""",168,False,False,False,0,"""""",,,"""org.apache.commons.configuration2.TestYAMLConfiguration#testObjectCreationFromReader,org.apache.commons.configuration2.TestYAMLConfiguration#testObjectCreationFromStream""","""java.lang.AssertionError,java.lang.AssertionError""","""CE"""
"""VUL4J-9""","""CVE-2020-1953""","""YAMLConfiguration.java""",169,False,False,False,0,"""""",,,"""org.apache.commons.configuration2.TestYAMLConfiguration#testObjectCreationFromReader,org.apache.commons.configuration2.TestYAMLConfiguration#testObjectCreationFromStream""","""java.lang.AssertionError,java.lang.AssertionError""","""CE"""
"""VUL4J-9""","""CVE-2020-1953""","""YAMLConfiguration.java""",17,False,False,False,0,"""""",,,"""org.apache.commons.configuration2.TestYAMLConfiguration#testObjectCreationFromReader,org.apache.commons.configuration2.TestYAMLConfiguration#testObjectCreationFromStream""","""java.lang.AssertionError,java.lang.AssertionError""","""CE"""
"""VUL4J-9""","""CVE-2020-1953""","""YAMLConfiguration.java""",170,False,False,False,0,"""""",,,"""org.apache.commons.configuration2.TestYAMLConfiguration#testObjectCreationFromReader,org.apache.commons.configuration2.TestYAMLConfiguration#testObjectCreationFromStream""","""java.lang.AssertionError,java.lang.AssertionError""","""CE"""
"""VUL4J-9""","""CVE-2020-1953""","""YAMLConfiguration.java""",171,False,False,False,0,"""""",,,"""org.apache.commons.configuration2.TestYAMLConfiguration#testObjectCreationFromReader,org.apache.commons.configuration2.TestYAMLConfiguration#testObjectCreationFromStream""","""java.lang.AssertionError,java.lang.AssertionError""","""CE"""
"""VUL4J-9""","""CVE-2020-1953""","""YAMLConfiguration.java""",172,False,False,False,0,"""""",,,"""org.apache.commons.configuration2.TestYAMLConfiguration#testObjectCreationFromReader,org.apache.commons.configuration2.TestYAMLConfiguration#testObjectCreationFromStream""","""java.lang.AssertionError,java.lang.AssertionError""","""CE"""
"""VUL4J-9""","""CVE-2020-1953""","""YAMLConfiguration.java""",173,False,False,False,0,"""""",,,"""org.apache.commons.configuration2.TestYAMLConfiguration#testObjectCreationFromReader,org.apache.commons.configuration2.TestYAMLConfiguration#testObjectCreationFromStream""","""java.lang.AssertionError,java.lang.AssertionError""","""CE"""
"""VUL4J-9""","""CVE-2020-1953""","""YAMLConfiguration.java""",174,False,False,False,0,"""""",,,"""org.apache.commons.configuration2.TestYAMLConfiguration#testObjectCreationFromReader,org.apache.commons.configuration2.TestYAMLConfiguration#testObjectCreationFromStream""","""java.lang.AssertionError,java.lang.AssertionError""","""CE"""
"""VUL4J-9""","""CVE-2020-1953""","""YAMLConfiguration.java""",175,False,False,False,0,"""""",,,"""org.apache.commons.configuration2.TestYAMLConfiguration#testObjectCreationFromReader,org.apache.commons.configuration2.TestYAMLConfiguration#testObjectCreationFromStream""","""java.lang.AssertionError,java.lang.AssertionError""","""CE"""
"""VUL4J-9""","""CVE-2020-1953""","""YAMLConfiguration.java""",176,False,False,False,0,"""""",,,"""org.apache.commons.configuration2.TestYAMLConfiguration#testObjectCreationFromReader,org.apache.commons.configuration2.TestYAMLConfiguration#testObjectCreationFromStream""","""java.lang.AssertionError,java.lang.AssertionError""","""CE"""
"""VUL4J-9""","""CVE-2020-1953""","""YAMLConfiguration.java""",177,False,False,False,0,"""""",,,"""org.apache.commons.configuration2.TestYAMLConfiguration#testObjectCreationFromReader,org.apache.commons.configuration2.TestYAMLConfiguration#testObjectCreationFromStream""","""java.lang.AssertionError,java.lang.AssertionError""","""CE"""
"""VUL4J-9""","""CVE-2020-1953""","""YAMLConfiguration.java""",178,False,False,False,0,"""""",,,"""org.apache.commons.configuration2.TestYAMLConfiguration#testObjectCreationFromReader,org.apache.commons.configuration2.TestYAMLConfiguration#testObjectCreationFromStream""","""java.lang.AssertionError,java.lang.AssertionError""","""CE"""
"""VUL4J-9""","""CVE-2020-1953""","""YAMLConfiguration.java""",179,False,False,False,0,"""""",,,"""org.apache.commons.configuration2.TestYAMLConfiguration#testObjectCreationFromReader,org.apache.commons.configuration2.TestYAMLConfiguration#testObjectCreationFromStream""","""java.lang.AssertionError,java.lang.AssertionError""","""CE"""
"""VUL4J-9""","""CVE-2020-1953""","""YAMLConfiguration.java""",18,False,False,False,0,"""""",,,"""org.apache.commons.configuration2.TestYAMLConfiguration#testObjectCreationFromReader,org.apache.commons.configuration2.TestYAMLConfiguration#testObjectCreationFromStream""","""java.lang.AssertionError,java.lang.AssertionError""","""CE"""
"""VUL4J-9""","""CVE-2020-1953""","""YAMLConfiguration.java""",180,False,False,False,0,"""""",,,"""org.apache.commons.configuration2.TestYAMLConfiguration#testObjectCreationFromReader,org.apache.commons.configuration2.TestYAMLConfiguration#testObjectCreationFromStream""","""java.lang.AssertionError,java.lang.AssertionError""","""CE"""
"""VUL4J-9""","""CVE-2020-1953""","""YAMLConfiguration.java""",181,False,False,False,0,"""""",,,"""org.apache.commons.configuration2.TestYAMLConfiguration#testObjectCreationFromReader,org.apache.commons.configuration2.TestYAMLConfiguration#testObjectCreationFromStream""","""java.lang.AssertionError,java.lang.AssertionError""","""CE"""
"""VUL4J-9""","""CVE-2020-1953""","""YAMLConfiguration.java""",182,False,False,False,0,"""""",,,"""org.apache.commons.configuration2.TestYAMLConfiguration#testObjectCreationFromReader,org.apache.commons.configuration2.TestYAMLConfiguration#testObjectCreationFromStream""","""java.lang.AssertionError,java.lang.AssertionError""","""CE"""
"""VUL4J-9""","""CVE-2020-1953""","""YAMLConfiguration.java""",183,False,False,False,0,"""""",,,"""org.apache.commons.configuration2.TestYAMLConfiguration#testObjectCreationFromReader,org.apache.commons.configuration2.TestYAMLConfiguration#testObjectCreationFromStream""","""java.lang.AssertionError,java.lang.AssertionError""","""CE"""
"""VUL4J-9""","""CVE-2020-1953""","""YAMLConfiguration.java""",184,False,False,False,0,"""""",,,"""org.apache.commons.configuration2.TestYAMLConfiguration#testObjectCreationFromReader,org.apache.commons.configuration2.TestYAMLConfiguration#testObjectCreationFromStream""","""java.lang.AssertionError,java.lang.AssertionError""","""CE"""
"""VUL4J-9""","""CVE-2020-1953""","""YAMLConfiguration.java""",185,False,False,False,0,"""""",,,"""org.apache.commons.configuration2.TestYAMLConfiguration#testObjectCreationFromReader,org.apache.commons.configuration2.TestYAMLConfiguration#testObjectCreationFromStream""","""java.lang.AssertionError,java.lang.AssertionError""","""CE"""
"""VUL4J-9""","""CVE-2020-1953""","""YAMLConfiguration.java""",186,False,False,False,0,"""""",,,"""org.apache.commons.configuration2.TestYAMLConfiguration#testObjectCreationFromReader,org.apache.commons.configuration2.TestYAMLConfiguration#testObjectCreationFromStream""","""java.lang.AssertionError,java.lang.AssertionError""","""CE"""
"""VUL4J-9""","""CVE-2020-1953""","""YAMLConfiguration.java""",187,False,False,False,0,"""""",,,"""org.apache.commons.configuration2.TestYAMLConfiguration#testObjectCreationFromReader,org.apache.commons.configuration2.TestYAMLConfiguration#testObjectCreationFromStream""","""java.lang.AssertionError,java.lang.AssertionError""","""CE"""
"""VUL4J-9""","""CVE-2020-1953""","""YAMLConfiguration.java""",188,False,False,False,0,"""""",,,"""org.apache.commons.configuration2.TestYAMLConfiguration#testObjectCreationFromReader,org.apache.commons.configuration2.TestYAMLConfiguration#testObjectCreationFromStream""","""java.lang.AssertionError,java.lang.AssertionError""","""CE"""
"""VUL4J-9""","""CVE-2020-1953""","""YAMLConfiguration.java""",189,True,False,False,0,"""""",,,"""org.apache.commons.configuration2.TestYAMLConfiguration#testObjectCreationFromReader,org.apache.commons.configuration2.TestYAMLConfiguration#testObjectCreationFromStream""","""java.lang.AssertionError,java.lang.AssertionError""","""MNK"""
"""VUL4J-9""","""CVE-2020-1953""","""YAMLConfiguration.java""",19,False,False,False,0,"""""",,,"""org.apache.commons.configuration2.TestYAMLConfiguration#testObjectCreationFromReader,org.apache.commons.configuration2.TestYAMLConfiguration#testObjectCreationFromStream""","""java.lang.AssertionError,java.lang.AssertionError""","""CE"""
"""VUL4J-9""","""CVE-2020-1953""","""YAMLConfiguration.java""",190,False,False,False,0,"""""",,,"""org.apache.commons.configuration2.TestYAMLConfiguration#testObjectCreationFromReader,org.apache.commons.configuration2.TestYAMLConfiguration#testObjectCreationFromStream""","""java.lang.AssertionError,java.lang.AssertionError""","""CE"""
"""VUL4J-9""","""CVE-2020-1953""","""YAMLConfiguration.java""",191,False,False,False,0,"""""",,,"""org.apache.commons.configuration2.TestYAMLConfiguration#testObjectCreationFromReader,org.apache.commons.configuration2.TestYAMLConfiguration#testObjectCreationFromStream""","""java.lang.AssertionError,java.lang.AssertionError""","""CE"""
"""VUL4J-9""","""CVE-2020-1953""","""YAMLConfiguration.java""",192,False,False,False,0,"""""",,,"""org.apache.commons.configuration2.TestYAMLConfiguration#testObjectCreationFromReader,org.apache.commons.configuration2.TestYAMLConfiguration#testObjectCreationFromStream""","""java.lang.AssertionError,java.lang.AssertionError""","""CE"""
"""VUL4J-9""","""CVE-2020-1953""","""YAMLConfiguration.java""",193,False,False,False,0,"""""",,,"""org.apache.commons.configuration2.TestYAMLConfiguration#testObjectCreationFromReader,org.apache.commons.configuration2.TestYAMLConfiguration#testObjectCreationFromStream""","""java.lang.AssertionError,java.lang.AssertionError""","""CE"""
"""VUL4J-9""","""CVE-2020-1953""","""YAMLConfiguration.java""",194,False,False,False,0,"""""",,,"""org.apache.commons.configuration2.TestYAMLConfiguration#testObjectCreationFromReader,org.apache.commons.configuration2.TestYAMLConfiguration#testObjectCreationFromStream""","""java.lang.AssertionError,java.lang.AssertionError""","""CE"""
"""VUL4J-9""","""CVE-2020-1953""","""YAMLConfiguration.java""",195,False,False,False,0,"""""",,,"""org.apache.commons.configuration2.TestYAMLConfiguration#testObjectCreationFromReader,org.apache.commons.configuration2.TestYAMLConfiguration#testObjectCreationFromStream""","""java.lang.AssertionError,java.lang.AssertionError""","""CE"""
"""VUL4J-9""","""CVE-2020-1953""","""YAMLConfiguration.java""",196,False,False,False,0,"""""",,,"""org.apache.commons.configuration2.TestYAMLConfiguration#testObjectCreationFromReader,org.apache.commons.configuration2.TestYAMLConfiguration#testObjectCreationFromStream""","""java.lang.AssertionError,java.lang.AssertionError""","""CE"""
"""VUL4J-9""","""CVE-2020-1953""","""YAMLConfiguration.java""",197,False,False,False,0,"""""",,,"""org.apache.commons.configuration2.TestYAMLConfiguration#testObjectCreationFromReader,org.apache.commons.configuration2.TestYAMLConfiguration#testObjectCreationFromStream""","""java.lang.AssertionError,java.lang.AssertionError""","""CE"""
"""VUL4J-9""","""CVE-2020-1953""","""YAMLConfiguration.java""",198,False,False,False,0,"""""",,,"""org.apache.commons.configuration2.TestYAMLConfiguration#testObjectCreationFromReader,org.apache.commons.configuration2.TestYAMLConfiguration#testObjectCreationFromStream""","""java.lang.AssertionError,java.lang.AssertionError""","""CE"""
"""VUL4J-9""","""CVE-2020-1953""","""YAMLConfiguration.java""",199,False,False,False,0,"""""",,,"""org.apache.commons.configuration2.TestYAMLConfiguration#testObjectCreationFromReader,org.apache.commons.configuration2.TestYAMLConfiguration#testObjectCreationFromStream""","""java.lang.AssertionError,java.lang.AssertionError""","""CE"""
"""VUL4J-9""","""CVE-2020-1953""","""YAMLConfiguration.java""",2,False,False,False,0,"""""",,,"""org.apache.commons.configuration2.TestYAMLConfiguration#testObjectCreationFromReader,org.apache.commons.configuration2.TestYAMLConfiguration#testObjectCreationFromStream""","""java.lang.AssertionError,java.lang.AssertionError""","""CE"""
"""VUL4J-9""","""CVE-2020-1953""","""YAMLConfiguration.java""",20,False,False,False,0,"""""",,,"""org.apache.commons.configuration2.TestYAMLConfiguration#testObjectCreationFromReader,org.apache.commons.configuration2.TestYAMLConfiguration#testObjectCreationFromStream""","""java.lang.AssertionError,java.lang.AssertionError""","""CE"""
"""VUL4J-9""","""CVE-2020-1953""","""YAMLConfiguration.java""",200,False,False,False,0,"""""",,,"""org.apache.commons.configuration2.TestYAMLConfiguration#testObjectCreationFromReader,org.apache.commons.configuration2.TestYAMLConfiguration#testObjectCreationFromStream""","""java.lang.AssertionError,java.lang.AssertionError""","""CE"""
"""VUL4J-9""","""CVE-2020-1953""","""YAMLConfiguration.java""",201,False,False,False,0,"""""",,,"""org.apache.commons.configuration2.TestYAMLConfiguration#testObjectCreationFromReader,org.apache.commons.configuration2.TestYAMLConfiguration#testObjectCreationFromStream""","""java.lang.AssertionError,java.lang.AssertionError""","""CE"""
"""VUL4J-9""","""CVE-2020-1953""","""YAMLConfiguration.java""",202,False,False,False,0,"""""",,,"""org.apache.commons.configuration2.TestYAMLConfiguration#testObjectCreationFromReader,org.apache.commons.configuration2.TestYAMLConfiguration#testObjectCreationFromStream""","""java.lang.AssertionError,java.lang.AssertionError""","""CE"""
"""VUL4J-9""","""CVE-2020-1953""","""YAMLConfiguration.java""",203,False,False,False,0,"""""",,,"""org.apache.commons.configuration2.TestYAMLConfiguration#testObjectCreationFromReader,org.apache.commons.configuration2.TestYAMLConfiguration#testObjectCreationFromStream""","""java.lang.AssertionError,java.lang.AssertionError""","""CE"""
"""VUL4J-9""","""CVE-2020-1953""","""YAMLConfiguration.java""",204,False,False,False,0,"""""",,,"""org.apache.commons.configuration2.TestYAMLConfiguration#testObjectCreationFromReader,org.apache.commons.configuration2.TestYAMLConfiguration#testObjectCreationFromStream""","""java.lang.AssertionError,java.lang.AssertionError""","""CE"""
"""VUL4J-9""","""CVE-2020-1953""","""YAMLConfiguration.java""",205,False,False,False,0,"""""",,,"""org.apache.commons.configuration2.TestYAMLConfiguration#testObjectCreationFromReader,org.apache.commons.configuration2.TestYAMLConfiguration#testObjectCreationFromStream""","""java.lang.AssertionError,java.lang.AssertionError""","""CE"""
"""VUL4J-9""","""CVE-2020-1953""","""YAMLConfiguration.java""",206,True,False,False,0,"""""",,,"""org.apache.commons.configuration2.TestYAMLConfiguration#testObjectCreationFromReader,org.apache.commons.configuration2.TestYAMLConfiguration#testObjectCreationFromStream""","""java.lang.AssertionError,java.lang.AssertionError""","""MNK"""
"""VUL4J-9""","""CVE-2020-1953""","""YAMLConfiguration.java""",207,False,False,False,0,"""""",,,"""org.apache.commons.configuration2.TestYAMLConfiguration#testObjectCreationFromReader,org.apache.commons.configuration2.TestYAMLConfiguration#testObjectCreationFromStream""","""java.lang.AssertionError,java.lang.AssertionError""","""CE"""
"""VUL4J-9""","""CVE-2020-1953""","""YAMLConfiguration.java""",208,False,False,False,0,"""""",,,"""org.apache.commons.configuration2.TestYAMLConfiguration#testObjectCreationFromReader,org.apache.commons.configuration2.TestYAMLConfiguration#testObjectCreationFromStream""","""java.lang.AssertionError,java.lang.AssertionError""","""CE"""
"""VUL4J-9""","""CVE-2020-1953""","""YAMLConfiguration.java""",209,False,False,False,0,"""""",,,"""org.apache.commons.configuration2.TestYAMLConfiguration#testObjectCreationFromReader,org.apache.commons.configuration2.TestYAMLConfiguration#testObjectCreationFromStream""","""java.lang.AssertionError,java.lang.AssertionError""","""CE"""
"""VUL4J-9""","""CVE-2020-1953""","""YAMLConfiguration.java""",21,False,False,False,0,"""""",,,"""org.apache.commons.configuration2.TestYAMLConfiguration#testObjectCreationFromReader,org.apache.commons.configuration2.TestYAMLConfiguration#testObjectCreationFromStream""","""java.lang.AssertionError,java.lang.AssertionError""","""CE"""
"""VUL4J-9""","""CVE-2020-1953""","""YAMLConfiguration.java""",210,True,False,False,0,"""""",,,"""org.apache.commons.configuration2.TestYAMLConfiguration#testObjectCreationFromReader,org.apache.commons.configuration2.TestYAMLConfiguration#testObjectCreationFromStream""","""java.lang.AssertionError,java.lang.AssertionError""","""MNK"""
"""VUL4J-9""","""CVE-2020-1953""","""YAMLConfiguration.java""",211,True,False,False,0,"""""",,,"""org.apache.commons.configuration2.TestYAMLConfiguration#testObjectCreationFromReader,org.apache.commons.configuration2.TestYAMLConfiguration#testObjectCreationFromStream""","""java.lang.AssertionError,java.lang.AssertionError""","""MNK"""
"""VUL4J-9""","""CVE-2020-1953""","""YAMLConfiguration.java""",212,False,False,False,0,"""""",,,"""org.apache.commons.configuration2.TestYAMLConfiguration#testObjectCreationFromReader,org.apache.commons.configuration2.TestYAMLConfiguration#testObjectCreationFromStream""","""java.lang.AssertionError,java.lang.AssertionError""","""CE"""
"""VUL4J-9""","""CVE-2020-1953""","""YAMLConfiguration.java""",213,False,False,False,0,"""""",,,"""org.apache.commons.configuration2.TestYAMLConfiguration#testObjectCreationFromReader,org.apache.commons.configuration2.TestYAMLConfiguration#testObjectCreationFromStream""","""java.lang.AssertionError,java.lang.AssertionError""","""CE"""
"""VUL4J-9""","""CVE-2020-1953""","""YAMLConfiguration.java""",214,False,False,False,0,"""""",,,"""org.apache.commons.configuration2.TestYAMLConfiguration#testObjectCreationFromReader,org.apache.commons.configuration2.TestYAMLConfiguration#testObjectCreationFromStream""","""java.lang.AssertionError,java.lang.AssertionError""","""CE"""
"""VUL4J-9""","""CVE-2020-1953""","""YAMLConfiguration.java""",215,False,False,False,0,"""""",,,"""org.apache.commons.configuration2.TestYAMLConfiguration#testObjectCreationFromReader,org.apache.commons.configuration2.TestYAMLConfiguration#testObjectCreationFromStream""","""java.lang.AssertionError,java.lang.AssertionError""","""CE"""
"""VUL4J-9""","""CVE-2020-1953""","""YAMLConfiguration.java""",22,False,False,False,0,"""""",,,"""org.apache.commons.configuration2.TestYAMLConfiguration#testObjectCreationFromReader,org.apache.commons.configuration2.TestYAMLConfiguration#testObjectCreationFromStream""","""java.lang.AssertionError,java.lang.AssertionError""","""CE"""
"""VUL4J-9""","""CVE-2020-1953""","""YAMLConfiguration.java""",23,False,False,False,0,"""""",,,"""org.apache.commons.configuration2.TestYAMLConfiguration#testObjectCreationFromReader,org.apache.commons.configuration2.TestYAMLConfiguration#testObjectCreationFromStream""","""java.lang.AssertionError,java.lang.AssertionError""","""CE"""
"""VUL4J-9""","""CVE-2020-1953""","""YAMLConfiguration.java""",24,False,False,False,0,"""""",,,"""org.apache.commons.configuration2.TestYAMLConfiguration#testObjectCreationFromReader,org.apache.commons.configuration2.TestYAMLConfiguration#testObjectCreationFromStream""","""java.lang.AssertionError,java.lang.AssertionError""","""CE"""
"""VUL4J-9""","""CVE-2020-1953""","""YAMLConfiguration.java""",25,False,False,False,0,"""""",,,"""org.apache.commons.configuration2.TestYAMLConfiguration#testObjectCreationFromReader,org.apache.commons.configuration2.TestYAMLConfiguration#testObjectCreationFromStream""","""java.lang.AssertionError,java.lang.AssertionError""","""CE"""
"""VUL4J-9""","""CVE-2020-1953""","""YAMLConfiguration.java""",26,True,True,False,0.7071,"""org.apache.commons.configuration2.TestYAMLConfiguration#testObjectCreationFromReader""","""org.apache.commons.configuration2.TestYAMLConfiguration#testObjectCreationFromReader""","""org.yaml.snakeyaml.constructor.ConstructorException""","""org.apache.commons.configuration2.TestYAMLConfiguration#testObjectCreationFromReader,org.apache.commons.configuration2.TestYAMLConfiguration#testObjectCreationFromStream""","""java.lang.AssertionError,java.lang.AssertionError""","""PTS"""
"""VUL4J-9""","""CVE-2020-1953""","""YAMLConfiguration.java""",27,False,False,False,0,"""""",,,"""org.apache.commons.configuration2.TestYAMLConfiguration#testObjectCreationFromReader,org.apache.commons.configuration2.TestYAMLConfiguration#testObjectCreationFromStream""","""java.lang.AssertionError,java.lang.AssertionError""","""CE"""
"""VUL4J-9""","""CVE-2020-1953""","""YAMLConfiguration.java""",28,False,False,False,0,"""""",,,"""org.apache.commons.configuration2.TestYAMLConfiguration#testObjectCreationFromReader,org.apache.commons.configuration2.TestYAMLConfiguration#testObjectCreationFromStream""","""java.lang.AssertionError,java.lang.AssertionError""","""CE"""
"""VUL4J-9""","""CVE-2020-1953""","""YAMLConfiguration.java""",29,False,False,False,0,"""""",,,"""org.apache.commons.configuration2.TestYAMLConfiguration#testObjectCreationFromReader,org.apache.commons.configuration2.TestYAMLConfiguration#testObjectCreationFromStream""","""java.lang.AssertionError,java.lang.AssertionError""","""CE"""
"""VUL4J-9""","""CVE-2020-1953""","""YAMLConfiguration.java""",3,False,False,False,0,"""""",,,"""org.apache.commons.configuration2.TestYAMLConfiguration#testObjectCreationFromReader,org.apache.commons.configuration2.TestYAMLConfiguration#testObjectCreationFromStream""","""java.lang.AssertionError,java.lang.AssertionError""","""CE"""
"""VUL4J-9""","""CVE-2020-1953""","""YAMLConfiguration.java""",30,False,False,False,0,"""""",,,"""org.apache.commons.configuration2.TestYAMLConfiguration#testObjectCreationFromReader,org.apache.commons.configuration2.TestYAMLConfiguration#testObjectCreationFromStream""","""java.lang.AssertionError,java.lang.AssertionError""","""CE"""
"""VUL4J-9""","""CVE-2020-1953""","""YAMLConfiguration.java""",31,False,False,False,0,"""""",,,"""org.apache.commons.configuration2.TestYAMLConfiguration#testObjectCreationFromReader,org.apache.commons.configuration2.TestYAMLConfiguration#testObjectCreationFromStream""","""java.lang.AssertionError,java.lang.AssertionError""","""CE"""
"""VUL4J-9""","""CVE-2020-1953""","""YAMLConfiguration.java""",32,False,False,False,0,"""""",,,"""org.apache.commons.configuration2.TestYAMLConfiguration#testObjectCreationFromReader,org.apache.commons.configuration2.TestYAMLConfiguration#testObjectCreationFromStream""","""java.lang.AssertionError,java.lang.AssertionError""","""CE"""
"""VUL4J-9""","""CVE-2020-1953""","""YAMLConfiguration.java""",33,False,False,False,0,"""""",,,"""org.apache.commons.configuration2.TestYAMLConfiguration#testObjectCreationFromReader,org.apache.commons.configuration2.TestYAMLConfiguration#testObjectCreationFromStream""","""java.lang.AssertionError,java.lang.AssertionError""","""CE"""
"""VUL4J-9""","""CVE-2020-1953""","""YAMLConfiguration.java""",34,False,False,False,0,"""""",,,"""org.apache.commons.configuration2.TestYAMLConfiguration#testObjectCreationFromReader,org.apache.commons.configuration2.TestYAMLConfiguration#testObjectCreationFromStream""","""java.lang.AssertionError,java.lang.AssertionError""","""CE"""
"""VUL4J-9""","""CVE-2020-1953""","""YAMLConfiguration.java""",35,False,False,False,0,"""""",,,"""org.apache.commons.configuration2.TestYAMLConfiguration#testObjectCreationFromReader,org.apache.commons.configuration2.TestYAMLConfiguration#testObjectCreationFromStream""","""java.lang.AssertionError,java.lang.AssertionError""","""CE"""
"""VUL4J-9""","""CVE-2020-1953""","""YAMLConfiguration.java""",36,False,False,False,0,"""""",,,"""org.apache.commons.configuration2.TestYAMLConfiguration#testObjectCreationFromReader,org.apache.commons.configuration2.TestYAMLConfiguration#testObjectCreationFromStream""","""java.lang.AssertionError,java.lang.AssertionError""","""CE"""
"""VUL4J-9""","""CVE-2020-1953""","""YAMLConfiguration.java""",37,False,False,False,0,"""""",,,"""org.apache.commons.configuration2.TestYAMLConfiguration#testObjectCreationFromReader,org.apache.commons.configuration2.TestYAMLConfiguration#testObjectCreationFromStream""","""java.lang.AssertionError,java.lang.AssertionError""","""CE"""
"""VUL4J-9""","""CVE-2020-1953""","""YAMLConfiguration.java""",38,False,False,False,0,"""""",,,"""org.apache.commons.configuration2.TestYAMLConfiguration#testObjectCreationFromReader,org.apache.commons.configuration2.TestYAMLConfiguration#testObjectCreationFromStream""","""java.lang.AssertionError,java.lang.AssertionError""","""CE"""
"""VUL4J-9""","""CVE-2020-1953""","""YAMLConfiguration.java""",39,False,False,False,0,"""""",,,"""org.apache.commons.configuration2.TestYAMLConfiguration#testObjectCreationFromReader,org.apache.commons.configuration2.TestYAMLConfiguration#testObjectCreationFromStream""","""java.lang.AssertionError,java.lang.AssertionError""","""CE"""
"""VUL4J-9""","""CVE-2020-1953""","""YAMLConfiguration.java""",4,False,False,False,0,"""""",,,"""org.apache.commons.configuration2.TestYAMLConfiguration#testObjectCreationFromReader,org.apache.commons.configuration2.TestYAMLConfiguration#testObjectCreationFromStream""","""java.lang.AssertionError,java.lang.AssertionError""","""CE"""
"""VUL4J-9""","""CVE-2020-1953""","""YAMLConfiguration.java""",40,False,False,False,0,"""""",,,"""org.apache.commons.configuration2.TestYAMLConfiguration#testObjectCreationFromReader,org.apache.commons.configuration2.TestYAMLConfiguration#testObjectCreationFromStream""","""java.lang.AssertionError,java.lang.AssertionError""","""CE"""
"""VUL4J-9""","""CVE-2020-1953""","""YAMLConfiguration.java""",41,False,False,False,0,"""""",,,"""org.apache.commons.configuration2.TestYAMLConfiguration#testObjectCreationFromReader,org.apache.commons.configuration2.TestYAMLConfiguration#testObjectCreationFromStream""","""java.lang.AssertionError,java.lang.AssertionError""","""CE"""
"""VUL4J-9""","""CVE-2020-1953""","""YAMLConfiguration.java""",42,False,False,False,0,"""""",,,"""org.apache.commons.configuration2.TestYAMLConfiguration#testObjectCreationFromReader,org.apache.commons.configuration2.TestYAMLConfiguration#testObjectCreationFromStream""","""java.lang.AssertionError,java.lang.AssertionError""","""CE"""
"""VUL4J-9""","""CVE-2020-1953""","""YAMLConfiguration.java""",43,True,False,False,0,"""""",,,"""org.apache.commons.configuration2.TestYAMLConfiguration#testObjectCreationFromReader,org.apache.commons.configuration2.TestYAMLConfiguration#testObjectCreationFromStream""","""java.lang.AssertionError,java.lang.AssertionError""","""MNK"""
"""VUL4J-9""","""CVE-2020-1953""","""YAMLConfiguration.java""",44,False,False,False,0,"""""",,,"""org.apache.commons.configuration2.TestYAMLConfiguration#testObjectCreationFromReader,org.apache.commons.configuration2.TestYAMLConfiguration#testObjectCreationFromStream""","""java.lang.AssertionError,java.lang.AssertionError""","""CE"""
"""VUL4J-9""","""CVE-2020-1953""","""YAMLConfiguration.java""",45,False,False,False,0,"""""",,,"""org.apache.commons.configuration2.TestYAMLConfiguration#testObjectCreationFromReader,org.apache.commons.configuration2.TestYAMLConfiguration#testObjectCreationFromStream""","""java.lang.AssertionError,java.lang.AssertionError""","""CE"""
"""VUL4J-9""","""CVE-2020-1953""","""YAMLConfiguration.java""",46,False,False,False,0,"""""",,,"""org.apache.commons.configuration2.TestYAMLConfiguration#testObjectCreationFromReader,org.apache.commons.configuration2.TestYAMLConfiguration#testObjectCreationFromStream""","""java.lang.AssertionError,java.lang.AssertionError""","""CE"""
"""VUL4J-9""","""CVE-2020-1953""","""YAMLConfiguration.java""",47,False,False,False,0,"""""",,,"""org.apache.commons.configuration2.TestYAMLConfiguration#testObjectCreationFromReader,org.apache.commons.configuration2.TestYAMLConfiguration#testObjectCreationFromStream""","""java.lang.AssertionError,java.lang.AssertionError""","""CE"""
"""VUL4J-9""","""CVE-2020-1953""","""YAMLConfiguration.java""",48,False,False,False,0,"""""",,,"""org.apache.commons.configuration2.TestYAMLConfiguration#testObjectCreationFromReader,org.apache.commons.configuration2.TestYAMLConfiguration#testObjectCreationFromStream""","""java.lang.AssertionError,java.lang.AssertionError""","""CE"""
"""VUL4J-9""","""CVE-2020-1953""","""YAMLConfiguration.java""",49,False,False,False,0,"""""",,,"""org.apache.commons.configuration2.TestYAMLConfiguration#testObjectCreationFromReader,org.apache.commons.configuration2.TestYAMLConfiguration#testObjectCreationFromStream""","""java.lang.AssertionError,java.lang.AssertionError""","""CE"""
"""VUL4J-9""","""CVE-2020-1953""","""YAMLConfiguration.java""",5,True,True,False,0.4264,"""org.apache.commons.configuration2.TestYAMLConfiguration#testObjectCreationFromReader,org.apache.commons.configuration2.TestYAMLConfiguration#testObjectCreationFromStream""","""org.apache.commons.configuration2.TestYAMLConfiguration#testGetProperty_dictionary,org.apache.commons.configuration2.TestYAMLConfiguration#testCopyConstructor,org.apache.commons.configuration2.TestYAMLConfiguration#testSave,org.apache.commons.configuration2.TestYAMLConfiguration#testGetProperty_very_nested_properties,org.apache.commons.configuration2.TestYAMLConfiguration#testGetProperty_nested_with_list,org.apache.commons.configuration2.TestYAMLConfiguration#testObjectCreationFromReader,org.apache.commons.configuration2.TestYAMLConfiguration#testObjectCreationFromStream,org.apache.commons.configuration2.TestYAMLConfiguration#testGetProperty_integer,org.apache.commons.configuration2.TestYAMLConfiguration#testGetProperty_nested,org.apache.commons.configuration2.TestYAMLConfiguration#testGetProperty_simple,org.apache.commons.configuration2.TestYAMLConfiguration#testGetProperty_subset""","""org.apache.commons.configuration2.ex.ConfigurationException,org.apache.commons.configuration2.ex.ConfigurationException,org.apache.commons.configuration2.ex.ConfigurationException,org.apache.commons.configuration2.ex.ConfigurationException,org.apache.commons.configuration2.ex.ConfigurationException,org.apache.commons.configuration2.ex.ConfigurationException,org.apache.commons.configuration2.ex.ConfigurationException,org.apache.commons.configuration2.ex.ConfigurationException,org.apache.commons.configuration2.ex.ConfigurationException,org.apache.commons.configuration2.ex.ConfigurationException,org.apache.commons.configuration2.ex.ConfigurationException""","""org.apache.commons.configuration2.TestYAMLConfiguration#testObjectCreationFromReader,org.apache.commons.configuration2.TestYAMLConfiguration#testObjectCreationFromStream""","""java.lang.AssertionError,java.lang.AssertionError""","""TS+ATF"""
"""VUL4J-9""","""CVE-2020-1953""","""YAMLConfiguration.java""",50,False,False,False,0,"""""",,,"""org.apache.commons.configuration2.TestYAMLConfiguration#testObjectCreationFromReader,org.apache.commons.configuration2.TestYAMLConfiguration#testObjectCreationFromStream""","""java.lang.AssertionError,java.lang.AssertionError""","""CE"""
"""VUL4J-9""","""CVE-2020-1953""","""YAMLConfiguration.java""",51,False,False,False,0,"""""",,,"""org.apache.commons.configuration2.TestYAMLConfiguration#testObjectCreationFromReader,org.apache.commons.configuration2.TestYAMLConfiguration#testObjectCreationFromStream""","""java.lang.AssertionError,java.lang.AssertionError""","""CE"""
"""VUL4J-9""","""CVE-2020-1953""","""YAMLConfiguration.java""",52,False,False,False,0,"""""",,,"""org.apache.commons.configuration2.TestYAMLConfiguration#testObjectCreationFromReader,org.apache.commons.configuration2.TestYAMLConfiguration#testObjectCreationFromStream""","""java.lang.AssertionError,java.lang.AssertionError""","""CE"""
"""VUL4J-9""","""CVE-2020-1953""","""YAMLConfiguration.java""",53,False,False,False,0,"""""",,,"""org.apache.commons.configuration2.TestYAMLConfiguration#testObjectCreationFromReader,org.apache.commons.configuration2.TestYAMLConfiguration#testObjectCreationFromStream""","""java.lang.AssertionError,java.lang.AssertionError""","""CE"""
"""VUL4J-9""","""CVE-2020-1953""","""YAMLConfiguration.java""",54,False,False,False,0,"""""",,,"""org.apache.commons.configuration2.TestYAMLConfiguration#testObjectCreationFromReader,org.apache.commons.configuration2.TestYAMLConfiguration#testObjectCreationFromStream""","""java.lang.AssertionError,java.lang.AssertionError""","""CE"""
"""VUL4J-9""","""CVE-2020-1953""","""YAMLConfiguration.java""",55,False,False,False,0,"""""",,,"""org.apache.commons.configuration2.TestYAMLConfiguration#testObjectCreationFromReader,org.apache.commons.configuration2.TestYAMLConfiguration#testObjectCreationFromStream""","""java.lang.AssertionError,java.lang.AssertionError""","""CE"""
"""VUL4J-9""","""CVE-2020-1953""","""YAMLConfiguration.java""",56,False,False,False,0,"""""",,,"""org.apache.commons.configuration2.TestYAMLConfiguration#testObjectCreationFromReader,org.apache.commons.configuration2.TestYAMLConfiguration#testObjectCreationFromStream""","""java.lang.AssertionError,java.lang.AssertionError""","""CE"""
"""VUL4J-9""","""CVE-2020-1953""","""YAMLConfiguration.java""",57,False,False,False,0,"""""",,,"""org.apache.commons.configuration2.TestYAMLConfiguration#testObjectCreationFromReader,org.apache.commons.configuration2.TestYAMLConfiguration#testObjectCreationFromStream""","""java.lang.AssertionError,java.lang.AssertionError""","""CE"""
"""VUL4J-9""","""CVE-2020-1953""","""YAMLConfiguration.java""",58,False,False,False,0,"""""",,,"""org.apache.commons.configuration2.TestYAMLConfiguration#testObjectCreationFromReader,org.apache.commons.configuration2.TestYAMLConfiguration#testObjectCreationFromStream""","""java.lang.AssertionError,java.lang.AssertionError""","""CE"""
"""VUL4J-9""","""CVE-2020-1953""","""YAMLConfiguration.java""",59,False,False,False,0,"""""",,,"""org.apache.commons.configuration2.TestYAMLConfiguration#testObjectCreationFromReader,org.apache.commons.configuration2.TestYAMLConfiguration#testObjectCreationFromStream""","""java.lang.AssertionError,java.lang.AssertionError""","""CE"""
"""VUL4J-9""","""CVE-2020-1953""","""YAMLConfiguration.java""",6,False,False,False,0,"""""",,,"""org.apache.commons.configuration2.TestYAMLConfiguration#testObjectCreationFromReader,org.apache.commons.configuration2.TestYAMLConfiguration#testObjectCreationFromStream""","""java.lang.AssertionError,java.lang.AssertionError""","""CE"""
"""VUL4J-9""","""CVE-2020-1953""","""YAMLConfiguration.java""",60,False,False,False,0,"""""",,,"""org.apache.commons.configuration2.TestYAMLConfiguration#testObjectCreationFromReader,org.apache.commons.configuration2.TestYAMLConfiguration#testObjectCreationFromStream""","""java.lang.AssertionError,java.lang.AssertionError""","""CE"""
"""VUL4J-9""","""CVE-2020-1953""","""YAMLConfiguration.java""",61,False,False,False,0,"""""",,,"""org.apache.commons.configuration2.TestYAMLConfiguration#testObjectCreationFromReader,org.apache.commons.configuration2.TestYAMLConfiguration#testObjectCreationFromStream""","""java.lang.AssertionError,java.lang.AssertionError""","""CE"""
"""VUL4J-9""","""CVE-2020-1953""","""YAMLConfiguration.java""",62,False,False,False,0,"""""",,,"""org.apache.commons.configuration2.TestYAMLConfiguration#testObjectCreationFromReader,org.apache.commons.configuration2.TestYAMLConfiguration#testObjectCreationFromStream""","""java.lang.AssertionError,java.lang.AssertionError""","""CE"""
"""VUL4J-9""","""CVE-2020-1953""","""YAMLConfiguration.java""",63,True,False,False,0,"""""",,,"""org.apache.commons.configuration2.TestYAMLConfiguration#testObjectCreationFromReader,org.apache.commons.configuration2.TestYAMLConfiguration#testObjectCreationFromStream""","""java.lang.AssertionError,java.lang.AssertionError""","""MNK"""
"""VUL4J-9""","""CVE-2020-1953""","""YAMLConfiguration.java""",64,False,False,False,0,"""""",,,"""org.apache.commons.configuration2.TestYAMLConfiguration#testObjectCreationFromReader,org.apache.commons.configuration2.TestYAMLConfiguration#testObjectCreationFromStream""","""java.lang.AssertionError,java.lang.AssertionError""","""CE"""
"""VUL4J-9""","""CVE-2020-1953""","""YAMLConfiguration.java""",65,False,False,False,0,"""""",,,"""org.apache.commons.configuration2.TestYAMLConfiguration#testObjectCreationFromReader,org.apache.commons.configuration2.TestYAMLConfiguration#testObjectCreationFromStream""","""java.lang.AssertionError,java.lang.AssertionError""","""CE"""
"""VUL4J-9""","""CVE-2020-1953""","""YAMLConfiguration.java""",66,False,False,False,0,"""""",,,"""org.apache.commons.configuration2.TestYAMLConfiguration#testObjectCreationFromReader,org.apache.commons.configuration2.TestYAMLConfiguration#testObjectCreationFromStream""","""java.lang.AssertionError,java.lang.AssertionError""","""CE"""
"""VUL4J-9""","""CVE-2020-1953""","""YAMLConfiguration.java""",67,False,False,False,0,"""""",,,"""org.apache.commons.configuration2.TestYAMLConfiguration#testObjectCreationFromReader,org.apache.commons.configuration2.TestYAMLConfiguration#testObjectCreationFromStream""","""java.lang.AssertionError,java.lang.AssertionError""","""CE"""
"""VUL4J-9""","""CVE-2020-1953""","""YAMLConfiguration.java""",68,False,False,False,0,"""""",,,"""org.apache.commons.configuration2.TestYAMLConfiguration#testObjectCreationFromReader,org.apache.commons.configuration2.TestYAMLConfiguration#testObjectCreationFromStream""","""java.lang.AssertionError,java.lang.AssertionError""","""CE"""
"""VUL4J-9""","""CVE-2020-1953""","""YAMLConfiguration.java""",69,False,False,False,0,"""""",,,"""org.apache.commons.configuration2.TestYAMLConfiguration#testObjectCreationFromReader,org.apache.commons.configuration2.TestYAMLConfiguration#testObjectCreationFromStream""","""java.lang.AssertionError,java.lang.AssertionError""","""CE"""
"""VUL4J-9""","""CVE-2020-1953""","""YAMLConfiguration.java""",7,False,False,False,0,"""""",,,"""org.apache.commons.configuration2.TestYAMLConfiguration#testObjectCreationFromReader,org.apache.commons.configuration2.TestYAMLConfiguration#testObjectCreationFromStream""","""java.lang.AssertionError,java.lang.AssertionError""","""CE"""
"""VUL4J-9""","""CVE-2020-1953""","""YAMLConfiguration.java""",70,False,False,False,0,"""""",,,"""org.apache.commons.configuration2.TestYAMLConfiguration#testObjectCreationFromReader,org.apache.commons.configuration2.TestYAMLConfiguration#testObjectCreationFromStream""","""java.lang.AssertionError,java.lang.AssertionError""","""CE"""
"""VUL4J-9""","""CVE-2020-1953""","""YAMLConfiguration.java""",71,False,False,False,0,"""""",,,"""org.apache.commons.configuration2.TestYAMLConfiguration#testObjectCreationFromReader,org.apache.commons.configuration2.TestYAMLConfiguration#testObjectCreationFromStream""","""java.lang.AssertionError,java.lang.AssertionError""","""CE"""
"""VUL4J-9""","""CVE-2020-1953""","""YAMLConfiguration.java""",72,False,False,False,0,"""""",,,"""org.apache.commons.configuration2.TestYAMLConfiguration#testObjectCreationFromReader,org.apache.commons.configuration2.TestYAMLConfiguration#testObjectCreationFromStream""","""java.lang.AssertionError,java.lang.AssertionError""","""CE"""
"""VUL4J-9""","""CVE-2020-1953""","""YAMLConfiguration.java""",73,False,False,False,0,"""""",,,"""org.apache.commons.configuration2.TestYAMLConfiguration#testObjectCreationFromReader,org.apache.commons.configuration2.TestYAMLConfiguration#testObjectCreationFromStream""","""java.lang.AssertionError,java.lang.AssertionError""","""CE"""
"""VUL4J-9""","""CVE-2020-1953""","""YAMLConfiguration.java""",74,False,False,False,0,"""""",,,"""org.apache.commons.configuration2.TestYAMLConfiguration#testObjectCreationFromReader,org.apache.commons.configuration2.TestYAMLConfiguration#testObjectCreationFromStream""","""java.lang.AssertionError,java.lang.AssertionError""","""CE"""
"""VUL4J-9""","""CVE-2020-1953""","""YAMLConfiguration.java""",75,False,False,False,0,"""""",,,"""org.apache.commons.configuration2.TestYAMLConfiguration#testObjectCreationFromReader,org.apache.commons.configuration2.TestYAMLConfiguration#testObjectCreationFromStream""","""java.lang.AssertionError,java.lang.AssertionError""","""CE"""
"""VUL4J-9""","""CVE-2020-1953""","""YAMLConfiguration.java""",76,False,False,False,0,"""""",,,"""org.apache.commons.configuration2.TestYAMLConfiguration#testObjectCreationFromReader,org.apache.commons.configuration2.TestYAMLConfiguration#testObjectCreationFromStream""","""java.lang.AssertionError,java.lang.AssertionError""","""CE"""
"""VUL4J-9""","""CVE-2020-1953""","""YAMLConfiguration.java""",77,False,False,False,0,"""""",,,"""org.apache.commons.configuration2.TestYAMLConfiguration#testObjectCreationFromReader,org.apache.commons.configuration2.TestYAMLConfiguration#testObjectCreationFromStream""","""java.lang.AssertionError,java.lang.AssertionError""","""CE"""
"""VUL4J-9""","""CVE-2020-1953""","""YAMLConfiguration.java""",78,False,False,False,0,"""""",,,"""org.apache.commons.configuration2.TestYAMLConfiguration#testObjectCreationFromReader,org.apache.commons.configuration2.TestYAMLConfiguration#testObjectCreationFromStream""","""java.lang.AssertionError,java.lang.AssertionError""","""CE"""
"""VUL4J-9""","""CVE-2020-1953""","""YAMLConfiguration.java""",79,False,False,False,0,"""""",,,"""org.apache.commons.configuration2.TestYAMLConfiguration#testObjectCreationFromReader,org.apache.commons.configuration2.TestYAMLConfiguration#testObjectCreationFromStream""","""java.lang.AssertionError,java.lang.AssertionError""","""CE"""
"""VUL4J-9""","""CVE-2020-1953""","""YAMLConfiguration.java""",8,False,False,False,0,"""""",,,"""org.apache.commons.configuration2.TestYAMLConfiguration#testObjectCreationFromReader,org.apache.commons.configuration2.TestYAMLConfiguration#testObjectCreationFromStream""","""java.lang.AssertionError,java.lang.AssertionError""","""CE"""
"""VUL4J-9""","""CVE-2020-1953""","""YAMLConfiguration.java""",80,False,False,False,0,"""""",,,"""org.apache.commons.configuration2.TestYAMLConfiguration#testObjectCreationFromReader,org.apache.commons.configuration2.TestYAMLConfiguration#testObjectCreationFromStream""","""java.lang.AssertionError,java.lang.AssertionError""","""CE"""
"""VUL4J-9""","""CVE-2020-1953""","""YAMLConfiguration.java""",81,False,False,False,0,"""""",,,"""org.apache.commons.configuration2.TestYAMLConfiguration#testObjectCreationFromReader,org.apache.commons.configuration2.TestYAMLConfiguration#testObjectCreationFromStream""","""java.lang.AssertionError,java.lang.AssertionError""","""CE"""
"""VUL4J-9""","""CVE-2020-1953""","""YAMLConfiguration.java""",82,False,False,False,0,"""""",,,"""org.apache.commons.configuration2.TestYAMLConfiguration#testObjectCreationFromReader,org.apache.commons.configuration2.TestYAMLConfiguration#testObjectCreationFromStream""","""java.lang.AssertionError,java.lang.AssertionError""","""CE"""
"""VUL4J-9""","""CVE-2020-1953""","""YAMLConfiguration.java""",83,False,False,False,0,"""""",,,"""org.apache.commons.configuration2.TestYAMLConfiguration#testObjectCreationFromReader,org.apache.commons.configuration2.TestYAMLConfiguration#testObjectCreationFromStream""","""java.lang.AssertionError,java.lang.AssertionError""","""CE"""
"""VUL4J-9""","""CVE-2020-1953""","""YAMLConfiguration.java""",84,False,False,False,0,"""""",,,"""org.apache.commons.configuration2.TestYAMLConfiguration#testObjectCreationFromReader,org.apache.commons.configuration2.TestYAMLConfiguration#testObjectCreationFromStream""","""java.lang.AssertionError,java.lang.AssertionError""","""CE"""
"""VUL4J-9""","""CVE-2020-1953""","""YAMLConfiguration.java""",85,False,False,False,0,"""""",,,"""org.apache.commons.configuration2.TestYAMLConfiguration#testObjectCreationFromReader,org.apache.commons.configuration2.TestYAMLConfiguration#testObjectCreationFromStream""","""java.lang.AssertionError,java.lang.AssertionError""","""CE"""
"""VUL4J-9""","""CVE-2020-1953""","""YAMLConfiguration.java""",86,False,False,False,0,"""""",,,"""org.apache.commons.configuration2.TestYAMLConfiguration#testObjectCreationFromReader,org.apache.commons.configuration2.TestYAMLConfiguration#testObjectCreationFromStream""","""java.lang.AssertionError,java.lang.AssertionError""","""CE"""
"""VUL4J-9""","""CVE-2020-1953""","""YAMLConfiguration.java""",87,False,False,False,0,"""""",,,"""org.apache.commons.configuration2.TestYAMLConfiguration#testObjectCreationFromReader,org.apache.commons.configuration2.TestYAMLConfiguration#testObjectCreationFromStream""","""java.lang.AssertionError,java.lang.AssertionError""","""CE"""
"""VUL4J-9""","""CVE-2020-1953""","""YAMLConfiguration.java""",88,False,False,False,0,"""""",,,"""org.apache.commons.configuration2.TestYAMLConfiguration#testObjectCreationFromReader,org.apache.commons.configuration2.TestYAMLConfiguration#testObjectCreationFromStream""","""java.lang.AssertionError,java.lang.AssertionError""","""CE"""
"""VUL4J-9""","""CVE-2020-1953""","""YAMLConfiguration.java""",89,True,True,False,0,"""""","""org.apache.commons.configuration2.TestYAMLConfiguration#testSave""","""java.lang.NullPointerException""","""org.apache.commons.configuration2.TestYAMLConfiguration#testObjectCreationFromReader,org.apache.commons.configuration2.TestYAMLConfiguration#testObjectCreationFromStream""","""java.lang.AssertionError,java.lang.AssertionError""","""NS"""
"""VUL4J-9""","""CVE-2020-1953""","""YAMLConfiguration.java""",9,False,False,False,0,"""""",,,"""org.apache.commons.configuration2.TestYAMLConfiguration#testObjectCreationFromReader,org.apache.commons.configuration2.TestYAMLConfiguration#testObjectCreationFromStream""","""java.lang.AssertionError,java.lang.AssertionError""","""CE"""
"""VUL4J-9""","""CVE-2020-1953""","""YAMLConfiguration.java""",90,False,False,False,0,"""""",,,"""org.apache.commons.configuration2.TestYAMLConfiguration#testObjectCreationFromReader,org.apache.commons.configuration2.TestYAMLConfiguration#testObjectCreationFromStream""","""java.lang.AssertionError,java.lang.AssertionError""","""CE"""
"""VUL4J-9""","""CVE-2020-1953""","""YAMLConfiguration.java""",91,False,False,False,0,"""""",,,"""org.apache.commons.configuration2.TestYAMLConfiguration#testObjectCreationFromReader,org.apache.commons.configuration2.TestYAMLConfiguration#testObjectCreationFromStream""","""java.lang.AssertionError,java.lang.AssertionError""","""CE"""
"""VUL4J-9""","""CVE-2020-1953""","""YAMLConfiguration.java""",92,False,False,False,0,"""""",,,"""org.apache.commons.configuration2.TestYAMLConfiguration#testObjectCreationFromReader,org.apache.commons.configuration2.TestYAMLConfiguration#testObjectCreationFromStream""","""java.lang.AssertionError,java.lang.AssertionError""","""CE"""
"""VUL4J-9""","""CVE-2020-1953""","""YAMLConfiguration.java""",93,False,False,False,0,"""""",,,"""org.apache.commons.configuration2.TestYAMLConfiguration#testObjectCreationFromReader,org.apache.commons.configuration2.TestYAMLConfiguration#testObjectCreationFromStream""","""java.lang.AssertionError,java.lang.AssertionError""","""CE"""
"""VUL4J-9""","""CVE-2020-1953""","""YAMLConfiguration.java""",94,False,False,False,0,"""""",,,"""org.apache.commons.configuration2.TestYAMLConfiguration#testObjectCreationFromReader,org.apache.commons.configuration2.TestYAMLConfiguration#testObjectCreationFromStream""","""java.lang.AssertionError,java.lang.AssertionError""","""CE"""
"""VUL4J-9""","""CVE-2020-1953""","""YAMLConfiguration.java""",95,False,False,False,0,"""""",,,"""org.apache.commons.configuration2.TestYAMLConfiguration#testObjectCreationFromReader,org.apache.commons.configuration2.TestYAMLConfiguration#testObjectCreationFromStream""","""java.lang.AssertionError,java.lang.AssertionError""","""CE"""
"""VUL4J-9""","""CVE-2020-1953""","""YAMLConfiguration.java""",96,False,False,False,0,"""""",,,"""org.apache.commons.configuration2.TestYAMLConfiguration#testObjectCreationFromReader,org.apache.commons.configuration2.TestYAMLConfiguration#testObjectCreationFromStream""","""java.lang.AssertionError,java.lang.AssertionError""","""CE"""
"""VUL4J-9""","""CVE-2020-1953""","""YAMLConfiguration.java""",97,False,False,False,0,"""""",,,"""org.apache.commons.configuration2.TestYAMLConfiguration#testObjectCreationFromReader,org.apache.commons.configuration2.TestYAMLConfiguration#testObjectCreationFromStream""","""java.lang.AssertionError,java.lang.AssertionError""","""CE"""
"""VUL4J-9""","""CVE-2020-1953""","""YAMLConfiguration.java""",98,False,False,False,0,"""""",,,"""org.apache.commons.configuration2.TestYAMLConfiguration#testObjectCreationFromReader,org.apache.commons.configuration2.TestYAMLConfiguration#testObjectCreationFromStream""","""java.lang.AssertionError,java.lang.AssertionError""","""CE"""
"""VUL4J-9""","""CVE-2020-1953""","""YAMLConfiguration.java""",99,False,False,False,0,"""""",,,"""org.apache.commons.configuration2.TestYAMLConfiguration#testObjectCreationFromReader,org.apache.commons.configuration2.TestYAMLConfiguration#testObjectCreationFromStream""","""java.lang.AssertionError,java.lang.AssertionError""","""CE"""
